country_code,country,year,pct_firms_bribery_expected,pct_firms_offering_training,pct_firms_with_bank_account,latest_survey_year,n_firms_approx,has_panel,source,note
ARG,Argentina,2006,19.0813,52.1478,6.8830,2017.0000,1000.0000,False,World Bank Enterprise Surveys (enterprisesurveys.org),Firm-level microdata requires registration; aggregate indicators via WB API
ARG,Argentina,2010,18.1512,63.5971,30.2798,2017.0000,1000.0000,False,World Bank Enterprise Surveys (enterprisesurveys.org),Firm-level microdata requires registration; aggregate indicators via WB API
ARG,Argentina,2017,6.8492,40.1965,40.9118,2017.0000,1000.0000,False,World Bank Enterprise Surveys (enterprisesurveys.org),Firm-level microdata requires registration; aggregate indicators via WB API
BGD,Bangladesh,2007,85.0752,,24.6849,2013.0000,1400.0000,False,World Bank Enterprise Surveys (enterprisesurveys.org),Firm-level microdata requires registration; aggregate indicators via WB API
BGD,Bangladesh,2013,48.4890,21.9004,19.8134,2013.0000,1400.0000,False,World Bank Enterprise Surveys (enterprisesurveys.org),Firm-level microdata requires registration; aggregate indicators via WB API
BGD,Bangladesh,2022,30.6797,6.4153,18.7574,2013.0000,1400.0000,False,World Bank Enterprise Surveys (enterprisesurveys.org),Firm-level microdata requires registration; aggregate indicators via WB API
BOL,Bolivia,2006,33.1889,53.8590,22.2447,,,,,
BOL,Bolivia,2010,17.5691,57.1044,27.7652,,,,,
BOL,Bolivia,2017,19.2275,49.9379,36.9628,,,,,
BRA,Brazil,2009,12.4514,42.2417,43.6569,2009.0000,1800.0000,False,World Bank Enterprise Surveys (enterprisesurveys.org),Firm-level microdata requires registration; aggregate indicators via WB API
CHN,China,2012,10.6550,79.1643,14.6668,2012.0000,2700.0000,True,World Bank Enterprise Surveys (enterprisesurveys.org),Firm-level microdata requires registration; aggregate indicators via WB API
CHN,China,2024,0.2878,79.1188,12.6606,2012.0000,2700.0000,True,World Bank Enterprise Surveys (enterprisesurveys.org),Firm-level microdata requires registration; aggregate indicators via WB API
CMR,Cameroon,2006,77.6000,42.4000,19.5000,,,,,
CMR,Cameroon,2009,51.2347,25.5062,31.3730,,,,,
CMR,Cameroon,2016,45.6310,37.5860,15.8500,,,,,
CMR,Cameroon,2024,21.6439,24.0458,32.6854,,,,,
COL,Colombia,2006,11.9914,39.4800,30.5500,2017.0000,1000.0000,False,World Bank Enterprise Surveys (enterprisesurveys.org),Firm-level microdata requires registration; aggregate indicators via WB API
COL,Colombia,2010,2.8085,65.1485,34.9720,2017.0000,1000.0000,False,World Bank Enterprise Surveys (enterprisesurveys.org),Firm-level microdata requires registration; aggregate indicators via WB API
COL,Colombia,2017,10.7651,62.9873,53.5554,2017.0000,1000.0000,False,World Bank Enterprise Surveys (enterprisesurveys.org),Firm-level microdata requires registration; aggregate indicators via WB API
COL,Colombia,2023,5.4014,42.1493,38.4708,2017.0000,1000.0000,False,World Bank Enterprise Surveys (enterprisesurveys.org),Firm-level microdata requires registration; aggregate indicators via WB API
DEU,Germany,2005,,35.4000,45.0000,,,,,
DEU,Germany,2021,4.2653,44.1052,30.4236,,,,,
EGY,"Egypt, Arab Rep.",2007,6.5000,21.4000,8.7000,2020.0000,2900.0000,True,World Bank Enterprise Surveys (enterprisesurveys.org),Firm-level microdata requires registration; aggregate indicators via WB API
EGY,"Egypt, Arab Rep.",2008,15.2000,21.7000,5.6000,2020.0000,2900.0000,True,World Bank Enterprise Surveys (enterprisesurveys.org),Firm-level microdata requires registration; aggregate indicators via WB API
EGY,"Egypt, Arab Rep.",2013,12.1173,5.2416,8.8739,2020.0000,2900.0000,True,World Bank Enterprise Surveys (enterprisesurveys.org),Firm-level microdata requires registration; aggregate indicators via WB API
EGY,"Egypt, Arab Rep.",2016,18.9882,10.0261,14.6182,2020.0000,2900.0000,True,World Bank Enterprise Surveys (enterprisesurveys.org),Firm-level microdata requires registration; aggregate indicators via WB API
EGY,"Egypt, Arab Rep.",2020,4.9590,7.8781,10.3380,2020.0000,2900.0000,True,World Bank Enterprise Surveys (enterprisesurveys.org),Firm-level microdata requires registration; aggregate indicators via WB API
ETH,Ethiopia,2006,12.4000,38.2000,11.0000,2015.0000,850.0000,False,World Bank Enterprise Surveys (enterprisesurveys.org),Firm-level microdata requires registration; aggregate indicators via WB API
ETH,Ethiopia,2011,3.9699,30.0214,16.6193,2015.0000,850.0000,False,World Bank Enterprise Surveys (enterprisesurveys.org),Firm-level microdata requires registration; aggregate indicators via WB API
ETH,Ethiopia,2015,8.3387,20.7889,12.8809,2015.0000,850.0000,False,World Bank Enterprise Surveys (enterprisesurveys.org),Firm-level microdata requires registration; aggregate indicators via WB API
GBR,United Kingdom,2024,0.6185,57.4701,13.2970,,,,,
GHA,Ghana,2007,38.7733,32.9890,16.0180,2013.0000,700.0000,False,World Bank Enterprise Surveys (enterprisesurveys.org),Firm-level microdata requires registration; aggregate indicators via WB API
GHA,Ghana,2013,24.3336,40.1155,21.2306,2013.0000,700.0000,False,World Bank Enterprise Surveys (enterprisesurveys.org),Firm-level microdata requires registration; aggregate indicators via WB API
GHA,Ghana,2023,22.7382,49.8419,14.0565,2013.0000,700.0000,False,World Bank Enterprise Surveys (enterprisesurveys.org),Firm-level microdata requires registration; aggregate indicators via WB API
IDN,Indonesia,2009,14.8891,4.7324,11.6744,2015.0000,1300.0000,False,World Bank Enterprise Surveys (enterprisesurveys.org),Firm-level microdata requires registration; aggregate indicators via WB API
IDN,Indonesia,2015,20.9842,7.6555,36.5868,2015.0000,1300.0000,False,World Bank Enterprise Surveys (enterprisesurveys.org),Firm-level microdata requires registration; aggregate indicators via WB API
IDN,Indonesia,2023,29.4988,8.4349,28.5851,2015.0000,1300.0000,False,World Bank Enterprise Surveys (enterprisesurveys.org),Firm-level microdata requires registration; aggregate indicators via WB API
IND,India,2006,47.5000,15.9000,46.6000,2022.0000,9000.0000,True,World Bank Enterprise Surveys (enterprisesurveys.org),Firm-level microdata requires registration; aggregate indicators via WB API
IND,India,2014,16.5502,35.9254,30.2706,2022.0000,9000.0000,True,World Bank Enterprise Surveys (enterprisesurveys.org),Firm-level microdata requires registration; aggregate indicators via WB API
IND,India,2022,39.3265,7.7489,56.0663,2022.0000,9000.0000,True,World Bank Enterprise Surveys (enterprisesurveys.org),Firm-level microdata requires registration; aggregate indicators via WB API
KAZ,Kazakhstan,2005,47.8000,32.0000,33.9000,2019.0000,1400.0000,True,World Bank Enterprise Surveys (enterprisesurveys.org),Firm-level microdata requires registration; aggregate indicators via WB API
KAZ,Kazakhstan,2009,34.0534,40.8743,30.9770,2019.0000,1400.0000,True,World Bank Enterprise Surveys (enterprisesurveys.org),Firm-level microdata requires registration; aggregate indicators via WB API
KAZ,Kazakhstan,2013,21.1657,29.3918,13.9834,2019.0000,1400.0000,True,World Bank Enterprise Surveys (enterprisesurveys.org),Firm-level microdata requires registration; aggregate indicators via WB API
KAZ,Kazakhstan,2019,7.9026,21.7901,14.0420,2019.0000,1400.0000,True,World Bank Enterprise Surveys (enterprisesurveys.org),Firm-level microdata requires registration; aggregate indicators via WB API
KAZ,Kazakhstan,2024,12.3913,12.1015,27.5707,2019.0000,1400.0000,True,World Bank Enterprise Surveys (enterprisesurveys.org),Firm-level microdata requires registration; aggregate indicators via WB API
KEN,Kenya,2007,79.2233,,22.9194,2018.0000,1000.0000,True,World Bank Enterprise Surveys (enterprisesurveys.org),Firm-level microdata requires registration; aggregate indicators via WB API
KEN,Kenya,2013,28.1642,40.6461,43.2384,2018.0000,1000.0000,True,World Bank Enterprise Surveys (enterprisesurveys.org),Firm-level microdata requires registration; aggregate indicators via WB API
KEN,Kenya,2018,26.2919,37.4417,31.6009,2018.0000,1000.0000,True,World Bank Enterprise Surveys (enterprisesurveys.org),Firm-level microdata requires registration; aggregate indicators via WB API
KOR,"Korea, Rep.",2005,14.0000,39.5000,39.9000,,,,,
KOR,"Korea, Rep.",2024,1.4415,16.1681,46.3669,,,,,
LKA,Sri Lanka,2011,13.6674,18.3931,43.5628,,,,,
MEX,Mexico,2006,23.5945,24.6065,2.6143,2010.0000,1500.0000,False,World Bank Enterprise Surveys (enterprisesurveys.org),Firm-level microdata requires registration; aggregate indicators via WB API
MEX,Mexico,2010,11.6285,50.7550,16.1862,2010.0000,1500.0000,False,World Bank Enterprise Surveys (enterprisesurveys.org),Firm-level microdata requires registration; aggregate indicators via WB API
MEX,Mexico,2023,3.7045,37.8346,28.9436,2010.0000,1500.0000,False,World Bank Enterprise Surveys (enterprisesurveys.org),Firm-level microdata requires registration; aggregate indicators via WB API
MMR,Myanmar,2014,26.8152,15.0700,2.7824,,,,,
MMR,Myanmar,2016,16.4530,5.9403,7.0718,,,,,
MYS,Malaysia,2007,,50.1000,48.6000,2015.0000,1000.0000,False,World Bank Enterprise Surveys (enterprisesurveys.org),Firm-level microdata requires registration; aggregate indicators via WB API
MYS,Malaysia,2015,37.5459,18.5391,35.3496,2015.0000,1000.0000,False,World Bank Enterprise Surveys (enterprisesurveys.org),Firm-level microdata requires registration; aggregate indicators via WB API
MYS,Malaysia,2019,2.1021,24.0494,35.2673,2015.0000,1000.0000,False,World Bank Enterprise Surveys (enterprisesurveys.org),Firm-level microdata requires registration; aggregate indicators via WB API
MYS,Malaysia,2024,4.8633,37.0194,32.3911,2015.0000,1000.0000,False,World Bank Enterprise Surveys (enterprisesurveys.org),Firm-level microdata requires registration; aggregate indicators via WB API
NGA,Nigeria,2007,40.8977,25.7288,2.7044,2014.0000,2700.0000,True,World Bank Enterprise Surveys (enterprisesurveys.org),Firm-level microdata requires registration; aggregate indicators via WB API
NGA,Nigeria,2014,55.3131,30.7469,6.9196,2014.0000,2700.0000,True,World Bank Enterprise Surveys (enterprisesurveys.org),Firm-level microdata requires registration; aggregate indicators via WB API
NPL,Nepal,2009,15.1483,8.7874,17.4810,,,,,
NPL,Nepal,2013,14.3227,31.8623,16.9791,,,,,
NPL,Nepal,2023,3.3889,14.0517,33.4204,,,,,
PAK,Pakistan,2007,47.9487,6.6960,9.7360,2013.0000,1200.0000,False,World Bank Enterprise Surveys (enterprisesurveys.org),Firm-level microdata requires registration; aggregate indicators via WB API
PAK,Pakistan,2013,45.7969,31.9818,8.0832,2013.0000,1200.0000,False,World Bank Enterprise Surveys (enterprisesurveys.org),Firm-level microdata requires registration; aggregate indicators via WB API
PAK,Pakistan,2022,21.6039,5.9001,5.5180,2013.0000,1200.0000,False,World Bank Enterprise Surveys (enterprisesurveys.org),Firm-level microdata requires registration; aggregate indicators via WB API
PER,Peru,2006,11.4635,57.6825,30.8620,,,,,
PER,Peru,2010,21.4044,60.0787,45.9168,,,,,
PER,Peru,2017,13.5774,65.8751,57.0917,,,,,
PER,Peru,2023,6.0824,61.4201,54.0058,,,,,
PHL,Philippines,2009,18.6418,31.1114,21.9452,2015.0000,1300.0000,False,World Bank Enterprise Surveys (enterprisesurveys.org),Firm-level microdata requires registration; aggregate indicators via WB API
PHL,Philippines,2015,59.3543,59.8010,12.3690,2015.0000,1300.0000,False,World Bank Enterprise Surveys (enterprisesurveys.org),Firm-level microdata requires registration; aggregate indicators via WB API
PHL,Philippines,2023,4.4519,42.2157,28.8846,2015.0000,1300.0000,False,World Bank Enterprise Surveys (enterprisesurveys.org),Firm-level microdata requires registration; aggregate indicators via WB API
RUS,Russian Federation,2005,62.0000,36.2000,15.8000,2019.0000,1300.0000,True,World Bank Enterprise Surveys (enterprisesurveys.org),Firm-level microdata requires registration; aggregate indicators via WB API
RUS,Russian Federation,2009,39.5983,52.1687,30.6240,2019.0000,1300.0000,True,World Bank Enterprise Surveys (enterprisesurveys.org),Firm-level microdata requires registration; aggregate indicators via WB API
RUS,Russian Federation,2012,20.5001,46.1523,11.3052,2019.0000,1300.0000,True,World Bank Enterprise Surveys (enterprisesurveys.org),Firm-level microdata requires registration; aggregate indicators via WB API
RUS,Russian Federation,2019,16.5844,11.7864,33.8316,2019.0000,1300.0000,True,World Bank Enterprise Surveys (enterprisesurveys.org),Firm-level microdata requires registration; aggregate indicators via WB API
SEN,Senegal,2007,18.1182,16.2972,19.7746,,,,,
SEN,Senegal,2014,6.2510,17.3862,19.2290,,,,,
SEN,Senegal,2024,7.0403,20.9271,34.6529,,,,,
SGP,Singapore,2023,0.9833,42.9431,22.4945,,,,,
SLV,El Salvador,2006,34.2840,49.6112,17.2697,,,,,
SLV,El Salvador,2010,12.6881,60.9713,31.6948,,,,,
SLV,El Salvador,2016,5.4914,53.8248,25.1741,,,,,
SLV,El Salvador,2023,3.2716,34.9056,39.4034,,,,,
THA,Thailand,2006,,75.3000,74.4000,2016.0000,1000.0000,False,World Bank Enterprise Surveys (enterprisesurveys.org),Firm-level microdata requires registration; aggregate indicators via WB API
THA,Thailand,2016,17.5722,18.0011,15.2858,2016.0000,1000.0000,False,World Bank Enterprise Surveys (enterprisesurveys.org),Firm-level microdata requires registration; aggregate indicators via WB API
TUR,Turkiye,2005,20.3000,33.3000,32.6000,2019.0000,1500.0000,True,World Bank Enterprise Surveys (enterprisesurveys.org),Firm-level microdata requires registration; aggregate indicators via WB API
TUR,Turkiye,2008,17.9903,28.7453,51.9037,2019.0000,1500.0000,True,World Bank Enterprise Surveys (enterprisesurveys.org),Firm-level microdata requires registration; aggregate indicators via WB API
TUR,Turkiye,2013,5.7778,28.7851,45.2569,2019.0000,1500.0000,True,World Bank Enterprise Surveys (enterprisesurveys.org),Firm-level microdata requires registration; aggregate indicators via WB API
TUR,Turkiye,2019,0.6837,30.7492,28.6690,2019.0000,1500.0000,True,World Bank Enterprise Surveys (enterprisesurveys.org),Firm-level microdata requires registration; aggregate indicators via WB API
TUR,Turkiye,2024,2.5169,14.6141,26.6757,2019.0000,1500.0000,True,World Bank Enterprise Surveys (enterprisesurveys.org),Firm-level microdata requires registration; aggregate indicators via WB API
TZA,Tanzania,2006,49.4659,36.4773,6.7884,2013.0000,800.0000,False,World Bank Enterprise Surveys (enterprisesurveys.org),Firm-level microdata requires registration; aggregate indicators via WB API
TZA,Tanzania,2013,20.0498,30.7173,18.4903,2013.0000,800.0000,False,World Bank Enterprise Surveys (enterprisesurveys.org),Firm-level microdata requires registration; aggregate indicators via WB API
TZA,Tanzania,2023,6.7050,19.9513,14.1213,2013.0000,800.0000,False,World Bank Enterprise Surveys (enterprisesurveys.org),Firm-level microdata requires registration; aggregate indicators via WB API
UGA,Uganda,2006,51.7045,34.9548,7.6673,,,,,
UGA,Uganda,2013,27.7908,34.6846,8.0812,,,,,
UKR,Ukraine,2005,49.8000,48.6000,25.0000,2019.0000,1200.0000,True,World Bank Enterprise Surveys (enterprisesurveys.org),Firm-level microdata requires registration; aggregate indicators via WB API
UKR,Ukraine,2008,31.7735,24.8170,32.0811,2019.0000,1200.0000,True,World Bank Enterprise Surveys (enterprisesurveys.org),Firm-level microdata requires registration; aggregate indicators via WB API
UKR,Ukraine,2013,82.0421,21.0886,24.8570,2019.0000,1200.0000,True,World Bank Enterprise Surveys (enterprisesurveys.org),Firm-level microdata requires registration; aggregate indicators via WB API
UKR,Ukraine,2019,24.3004,24.3094,16.2587,2019.0000,1200.0000,True,World Bank Enterprise Surveys (enterprisesurveys.org),Firm-level microdata requires registration; aggregate indicators via WB API
USA,United States,2024,0.5604,43.0401,19.7600,,,,,
VEN,"Venezuela, RB",2006,,42.2577,35.7271,,,,,
VEN,"Venezuela, RB",2010,23.6522,55.9516,35.3199,,,,,
VNM,Viet Nam,2009,52.5385,43.5457,21.4755,2015.0000,1000.0000,False,World Bank Enterprise Surveys (enterprisesurveys.org),Firm-level microdata requires registration; aggregate indicators via WB API
VNM,Viet Nam,2015,90.7004,22.1995,29.3080,2015.0000,1000.0000,False,World Bank Enterprise Surveys (enterprisesurveys.org),Firm-level microdata requires registration; aggregate indicators via WB API
VNM,Viet Nam,2023,25.5078,8.6687,29.1689,2015.0000,1000.0000,False,World Bank Enterprise Surveys (enterprisesurveys.org),Firm-level microdata requires registration; aggregate indicators via WB API
ZAF,South Africa,2007,15.0884,36.7637,34.7783,2020.0000,1100.0000,True,World Bank Enterprise Surveys (enterprisesurveys.org),Firm-level microdata requires registration; aggregate indicators via WB API
ZAF,South Africa,2020,1.4871,7.8964,15.3939,2020.0000,1100.0000,True,World Bank Enterprise Surveys (enterprisesurveys.org),Firm-level microdata requires registration; aggregate indicators via WB API
