industry,product,alpha,alpha_se,n_observations,period,source
Semiconductor,DRAM (all generations),0.2200,0.0300,41.0000,1984-2024,This paper (Section 3.1)
Semiconductor,DRAM (1984-2000),0.2500,0.0400,17.0000,1984-2000,IC Insights McLean Report
Semiconductor,DRAM (2000-2024),0.1900,0.0400,25.0000,2000-2024,DRAMeXchange / TrendForce
Semiconductor,NAND Flash,0.2400,0.0500,20.0000,2003-2023,Micron/Samsung earnings analysis
Semiconductor,HBM (stacked memory),0.2300,0.0600,6.0000,2015-2024,TrendForce HBM tracker
Semiconductor,Intel microprocessors,0.2400,0.0400,15.0000,1974-1989,Flamm (1993) Mismanaged Trade
Semiconductor,Solar PV cells,0.2300,0.0200,45.0000,1976-2023,IRENA Renewable Cost Database
Aerospace,Aircraft assembly (Wright),0.2000,,,1936,Wright (1936) J. Aero. Sci.
Aerospace,B-29 assembly,0.2400,,,1943-1945,Rapping (1965) RES
Aerospace,Airbus A380,0.1800,,,2005-2015,Airbus annual reports analysis
Automotive,Ford Model T,0.1400,,,1909-1926,Argote & Epple (1990)
Automotive,Toyota hybrid (Prius),0.1700,,,1997-2015,Gallagher & Muehlegger (2011)
Energy,Wind turbines (onshore),0.1200,0.0300,30.0000,1990-2020,IRENA
Energy,Lithium-ion batteries,0.2100,0.0300,25.0000,1995-2023,BloombergNEF battery survey
Energy,Electrolyzers (green H2),0.1800,0.0500,10.0000,2010-2023,IRENA Green Hydrogen report
Financial,ATM deployment per unit,0.1500,,,1970-1990,Haynes & Thompson (2000)
Financial,Credit card processing cost,0.1600,,,1975-2000,Evans & Schmalensee (2005)
Financial,Mobile money (M-Pesa),0.1900,,,2007-2020,FSD Kenya annual reports
Internet,Web hosting cost per GB,0.2800,0.0400,20.0000,1998-2020,Cloudflare blog + AWS pricing
Internet,Cloud compute (AWS EC2),0.2500,0.0300,15.0000,2006-2023,AWS pricing archive analysis
