,IPG321S
1972-01-01,84.2003
1972-02-01,82.8361
1972-03-01,81.7845
1972-04-01,83.6555
1972-05-01,82.9618
1972-06-01,83.2847
1972-07-01,85.6593
1972-08-01,83.2694
1972-09-01,84.4674
1972-10-01,87.4913
1972-11-01,87.3365
1972-12-01,84.213
1973-01-01,84.404
1973-02-01,84.8492
1973-03-01,84.2052
1973-04-01,81.4523
1973-05-01,79.9734
1973-06-01,80.4747
1973-07-01,80.0326
1973-08-01,80.1809
1973-09-01,81.2394
1973-10-01,80.0777
1973-11-01,80.8506
1973-12-01,81.7269
1974-01-01,77.3211
1974-02-01,79.3806
1974-03-01,79.6036
1974-04-01,79.9
1974-05-01,78.7145
1974-06-01,78.6821
1974-07-01,75.4143
1974-08-01,74.3952
1974-09-01,72.2257
1974-10-01,67.1596
1974-11-01,64.6242
1974-12-01,61.857
1975-01-01,61.0947
1975-02-01,62.7022
1975-03-01,62.8224
1975-04-01,64.263
1975-05-01,67.3059
1975-06-01,69.2565
1975-07-01,70.7749
1975-08-01,71.7049
1975-09-01,72.0104
1975-10-01,72.927
1975-11-01,72.9164
1975-12-01,72.1325
1976-01-01,76.8995
1976-02-01,77.16
1976-03-01,74.5799
1976-04-01,75.4808
1976-05-01,76.491
1976-06-01,74.3413
1976-07-01,77.0629
1976-08-01,77.8409
1976-09-01,77.2617
1976-10-01,79.0696
1976-11-01,78.0154
1976-12-01,79.0697
1977-01-01,79.2654
1977-02-01,79.6934
1977-03-01,80.5501
1977-04-01,80.8764
1977-05-01,82.7047
1977-06-01,82.1954
1977-07-01,83.8542
1977-08-01,83.974
1977-09-01,84.7956
1977-10-01,85.4865
1977-11-01,84.2752
1977-12-01,87.7542
1978-01-01,84.6257
1978-02-01,83.6773
1978-03-01,83.7956
1978-04-01,84.66
1978-05-01,84.2447
1978-06-01,85.0064
1978-07-01,84.2956
1978-08-01,82.2564
1978-09-01,82.1789
1978-10-01,82.9855
1978-11-01,84.2505
1978-12-01,86.192
1979-01-01,80.6349
1979-02-01,80.6814
1979-03-01,81.3844
1979-04-01,80.6062
1979-05-01,80.7462
1979-06-01,80.927
1979-07-01,80.6343
1979-08-01,81.8023
1979-09-01,82.1116
1979-10-01,82.1039
1979-11-01,80.6396
1979-12-01,79.695
1980-01-01,80.2754
1980-02-01,80.8081
1980-03-01,79.634
1980-04-01,65.2218
1980-05-01,65.2332
1980-06-01,68.6236
1980-07-01,70.3218
1980-08-01,75.7934
1980-09-01,76.3152
1980-10-01,77.5938
1980-11-01,81.7459
1980-12-01,79.2247
1981-01-01,79.848
1981-02-01,78.4024
1981-03-01,78.6237
1981-04-01,78.9915
1981-05-01,79.4011
1981-06-01,75.0185
1981-07-01,74.9587
1981-08-01,74.1399
1981-09-01,68.8116
1981-10-01,66.9157
1981-11-01,63.1968
1981-12-01,62.1529
1982-01-01,61.5896
1982-02-01,64.4979
1982-03-01,63.2874
1982-04-01,64.751
1982-05-01,66.0754
1982-06-01,66.0069
1982-07-01,68.0669
1982-08-01,67.8104
1982-09-01,66.7812
1982-10-01,66.6431
1982-11-01,67.9635
1982-12-01,67.1699
1983-01-01,73.3809
1983-02-01,72.4365
1983-03-01,70.845
1983-04-01,72.4456
1983-05-01,75.3065
1983-06-01,76.194
1983-07-01,78.8834
1983-08-01,77.3785
1983-09-01,78.4065
1983-10-01,80.3588
1983-11-01,79.8961
1983-12-01,80.0218
1984-01-01,80.9382
1984-02-01,81.543
1984-03-01,82.4852
1984-04-01,83.2347
1984-05-01,80.9061
1984-06-01,82.6218
1984-07-01,82.3342
1984-08-01,81.4275
1984-09-01,82.0774
1984-10-01,80.7571
1984-11-01,81.0615
1984-12-01,81.5516
1985-01-01,79.0805
1985-02-01,79.0749
1985-03-01,80.7999
1985-04-01,81.539
1985-05-01,82.2733
1985-06-01,83.4545
1985-07-01,83.0573
1985-08-01,85.1276
1985-09-01,84.5385
1985-10-01,85.0249
1985-11-01,84.5949
1985-12-01,82.7633
1986-01-01,86.4126
1986-02-01,86.8289
1986-03-01,87.3923
1986-04-01,88.3702
1986-05-01,88.8755
1986-06-01,88.6738
1986-07-01,88.3167
1986-08-01,91.4668
1986-09-01,92.0078
1986-10-01,92.4031
1986-11-01,93.2614
1986-12-01,92.808
1987-01-01,94.703
1987-02-01,95.6576
1987-03-01,96.159
1987-04-01,95.2248
1987-05-01,98.0954
1987-06-01,98.6401
1987-07-01,100.2618
1987-08-01,100.3485
1987-09-01,97.4181
1987-10-01,98.7668
1987-11-01,99.3979
1987-12-01,97.2678
1988-01-01,98.0503
1988-02-01,98.9388
1988-03-01,97.9355
1988-04-01,98.5613
1988-05-01,99.9299
1988-06-01,96.6175
1988-07-01,96.0383
1988-08-01,94.7325
1988-09-01,96.54
1988-10-01,97.0552
1988-11-01,96.5446
1988-12-01,98.9851
1989-01-01,99.8975
1989-02-01,94.8153
1989-03-01,93.9704
1989-04-01,95.6073
1989-05-01,94.2067
1989-06-01,96.2512
1989-07-01,94.4699
1989-08-01,94.9259
1989-09-01,94.6378
1989-10-01,96.844
1989-11-01,96.7699
1989-12-01,98.7781
1990-01-01,98.0974
1990-02-01,98.0833
1990-03-01,98.0577
1990-04-01,97.772
1990-05-01,95.8216
1990-06-01,95.7907
1990-07-01,96.6666
1990-08-01,94.6668
1990-09-01,94.2116
1990-10-01,91.7629
1990-11-01,89.24
1990-12-01,87.1042
1991-01-01,86.3736
1991-02-01,84.3677
1991-03-01,85.7138
1991-04-01,86.6163
1991-05-01,88.3762
1991-06-01,92.4413
1991-07-01,89.67
1991-08-01,90.7293
1991-09-01,91.0236
1991-10-01,88.746
1991-11-01,90.454
1991-12-01,89.203
1992-01-01,90.986
1992-02-01,91.9807
1992-03-01,93.3994
1992-04-01,92.8818
1992-05-01,94.1944
1992-06-01,92.4056
1992-07-01,94.8389
1992-08-01,95.3965
1992-09-01,93.2377
1992-10-01,94.4001
1992-11-01,95.2835
1992-12-01,94.79
1993-01-01,94.7522
1993-02-01,95.5593
1993-03-01,94.1809
1993-04-01,93.4351
1993-05-01,93.2808
1993-06-01,92.6087
1993-07-01,93.6603
1993-08-01,94.3592
1993-09-01,94.3473
1993-10-01,96.5547
1993-11-01,96.3634
1993-12-01,97.3475
1994-01-01,99.2734
1994-02-01,96.5732
1994-03-01,96.7656
1994-04-01,97.7123
1994-05-01,99.6536
1994-06-01,100.3741
1994-07-01,101.0084
1994-08-01,100.1333
1994-09-01,101.8614
1994-10-01,102.8473
1994-11-01,101.5912
1994-12-01,107.1178
1995-01-01,105.4708
1995-02-01,102.5781
1995-03-01,100.5978
1995-04-01,102.0128
1995-05-01,99.6396
1995-06-01,100.2359
1995-07-01,101.9264
1995-08-01,102.5141
1995-09-01,104.9062
1995-10-01,104.9171
1995-11-01,103.1487
1995-12-01,106.7942
1996-01-01,101.7385
1996-02-01,102.5263
1996-03-01,105.2471
1996-04-01,106.2178
1996-05-01,106.5854
1996-06-01,107.8112
1996-07-01,106.16
1996-08-01,108.7488
1996-09-01,108.182
1996-10-01,107.6415
1996-11-01,108.475
1996-12-01,105.5853
1997-01-01,105.5187
1997-02-01,107.5853
1997-03-01,108.8351
1997-04-01,108.4009
1997-05-01,108.8021
1997-06-01,109.7717
1997-07-01,109.7035
1997-08-01,109.6639
1997-09-01,109.465
1997-10-01,109.6527
1997-11-01,110.9568
1997-12-01,111.0226
1998-01-01,112.3431
1998-02-01,113.4735
1998-03-01,112.8588
1998-04-01,113.9672
1998-05-01,112.8039
1998-06-01,111.7157
1998-07-01,113.2116
1998-08-01,113.9146
1998-09-01,113.1277
1998-10-01,114.986
1998-11-01,115.8784
1998-12-01,118.4747
1999-01-01,117.1223
1999-02-01,117.9119
1999-03-01,116.4329
1999-04-01,117.2971
1999-05-01,118.97
1999-06-01,118.426
1999-07-01,118.6098
1999-08-01,116.9046
1999-09-01,116.5735
1999-10-01,118.4573
1999-11-01,119.2963
1999-12-01,120.9309
2000-01-01,121.2864
2000-02-01,120.8046
2000-03-01,121.1761
2000-04-01,120.5405
2000-05-01,118.7065
2000-06-01,116.6102
2000-07-01,115.9054
2000-08-01,113.8441
2000-09-01,114.803
2000-10-01,112.5434
2000-11-01,112.0627
2000-12-01,108.5632
2001-01-01,106.4444
2001-02-01,105.7829
2001-03-01,107.806
2001-04-01,108.1848
2001-05-01,109.2586
2001-06-01,110.2312
2001-07-01,109.1791
2001-08-01,111.0277
2001-09-01,111.7482
2001-10-01,109.1198
2001-11-01,109.7675
2001-12-01,111.178
2002-01-01,112.5785
2002-02-01,111.8876
2002-03-01,114.5065
2002-04-01,114.4832
2002-05-01,114.2505
2002-06-01,115.7402
2002-07-01,114.3428
2002-08-01,114.8506
2002-09-01,114.2441
2002-10-01,114.3626
2002-11-01,112.9746
2002-12-01,112.2686
2003-01-01,113.0638
2003-02-01,113.1978
2003-03-01,111.6378
2003-04-01,111.9357
2003-05-01,111.6143
2003-06-01,112.7515
2003-07-01,113.8983
2003-08-01,113.1666
2003-09-01,113.6933
2003-10-01,115.36
2003-11-01,118.2776
2003-12-01,115.7061
2004-01-01,115.9742
2004-02-01,116.305
2004-03-01,115.4484
2004-04-01,116.7121
2004-05-01,117.0061
2004-06-01,115.0169
2004-07-01,116.805
2004-08-01,117.1462
2004-09-01,114.9014
2004-10-01,118.4501
2004-11-01,118.1662
2004-12-01,117.8515
2005-01-01,122.8357
2005-02-01,120.2383
2005-03-01,119.7537
2005-04-01,120.1405
2005-05-01,120.473
2005-06-01,120.8054
2005-07-01,121.6368
2005-08-01,121.3766
2005-09-01,125.9875
2005-10-01,132.1281
2005-11-01,133.7448
2005-12-01,133.6681
2006-01-01,133.668
2006-02-01,131.3159
2006-03-01,130.6187
2006-04-01,128.2977
2006-05-01,127.6107
2006-06-01,125.7947
2006-07-01,126.1338
2006-08-01,124.0252
2006-09-01,122.9721
2006-10-01,117.4801
2006-11-01,116.899
2006-12-01,120.0774
2007-01-01,117.8123
2007-02-01,117.7262
2007-03-01,119.1908
2007-04-01,117.5415
2007-05-01,118.31
2007-06-01,119.9147
2007-07-01,119.8621
2007-08-01,117.6756
2007-09-01,116.9987
2007-10-01,115.1474
2007-11-01,113.6448
2007-12-01,113.8616
2008-01-01,111.3521
2008-02-01,108.8377
2008-03-01,107.6783
2008-04-01,105.4057
2008-05-01,104.0704
2008-06-01,103.2843
2008-07-01,102.7486
2008-08-01,100.3513
2008-09-01,97.257
2008-10-01,92.0086
2008-11-01,89.1237
2008-12-01,80.5484
2009-01-01,78.015
2009-02-01,77.9575
2009-03-01,75.3593
2009-04-01,74.0578
2009-05-01,73.4781
2009-06-01,76.3219
2009-07-01,76.2572
2009-08-01,77.4967
2009-09-01,78.128
2009-10-01,76.7653
2009-11-01,77.7015
2009-12-01,77.3453
2010-01-01,79.0476
2010-02-01,78.0664
2010-03-01,79.0806
2010-04-01,82.0645
2010-05-01,82.906
2010-06-01,80.2312
2010-07-01,79.3276
2010-08-01,78.3898
2010-09-01,77.4262
2010-10-01,78.143
2010-11-01,78.2626
2010-12-01,78.7138
2011-01-01,78.566
2011-02-01,78.3358
2011-03-01,80.4742
2011-04-01,78.7054
2011-05-01,79.8909
2011-06-01,78.9179
2011-07-01,79.1803
2011-08-01,78.3293
2011-09-01,80.7294
2011-10-01,80.2833
2011-11-01,80.1774
2011-12-01,81.0081
2012-01-01,82.7042
2012-02-01,81.727
2012-03-01,82.3079
2012-04-01,83.8013
2012-05-01,85.0894
2012-06-01,83.4897
2012-07-01,83.8997
2012-08-01,84.0503
2012-09-01,83.3122
2012-10-01,84.7357
2012-11-01,86.8997
2012-12-01,87.1497
2013-01-01,87.9731
2013-02-01,89.7035
2013-03-01,88.7991
2013-04-01,87.6989
2013-05-01,88.0686
2013-06-01,88.3254
2013-07-01,87.9602
2013-08-01,89.2425
2013-09-01,90.9934
2013-10-01,90.6056
2013-11-01,91.4014
2013-12-01,89.4991
2014-01-01,87.2727
2014-02-01,87.5043
2014-03-01,89.1653
2014-04-01,89.9396
2014-05-01,91.5807
2014-06-01,91.8259
2014-07-01,93.3064
2014-08-01,93.7486
2014-09-01,93.0318
2014-10-01,93.8639
2014-11-01,93.6577
2014-12-01,94.6392
2015-01-01,93.048
2015-02-01,93.2945
2015-03-01,93.1098
2015-04-01,93.9182
2015-05-01,93.8758
2015-06-01,94.1034
2015-07-01,96.2115
2015-08-01,96.6768
2015-09-01,97.2062
2015-10-01,97.244
2015-11-01,97.0076
2015-12-01,98.8874
2016-01-01,98.7064
2016-02-01,97.8896
2016-03-01,98.1281
2016-04-01,98.861
2016-05-01,98.2774
2016-06-01,99.036
2016-07-01,98.4453
2016-08-01,98.0473
2016-09-01,97.8819
2016-10-01,98.8335
2016-11-01,101.9683
2016-12-01,99.8786
2017-01-01,100.1632
2017-02-01,100.0617
2017-03-01,99.5936
2017-04-01,99.1437
2017-05-01,98.8402
2017-06-01,98.0864
2017-07-01,99.4395
2017-08-01,99.5162
2017-09-01,100.6437
2017-10-01,100.7979
2017-11-01,102.2406
2017-12-01,101.4732
2018-01-01,100.7459
2018-02-01,102.0143
2018-03-01,102.143
2018-04-01,102.0986
2018-05-01,101.5557
2018-06-01,101.9721
2018-07-01,101.3217
2018-08-01,102.1254
2018-09-01,101.7672
2018-10-01,99.5726
2018-11-01,98.6259
2018-12-01,97.6859
2019-01-01,98.1235
2019-02-01,95.4357
2019-03-01,93.6325
2019-04-01,95.1391
2019-05-01,95.9092
2019-06-01,96.1108
2019-07-01,96.7439
2019-08-01,96.7601
2019-09-01,97.4578
2019-10-01,98.9388
2019-11-01,98.4648
2019-12-01,99.1406
2020-01-01,100.5686
2020-02-01,99.3993
2020-03-01,96.0714
2020-04-01,85.9619
2020-05-01,90.2136
2020-06-01,93.988
2020-07-01,98.1125
2020-08-01,97.5742
2020-09-01,97.2504
2020-10-01,99.3126
2020-11-01,99.3893
2020-12-01,102.9551
2021-01-01,101.3878
2021-02-01,96.7531
2021-03-01,99.4927
2021-04-01,99.41
2021-05-01,99.7446
2021-06-01,97.8722
2021-07-01,98.3781
2021-08-01,98.7143
2021-09-01,99.4322
2021-10-01,100.9964
2021-11-01,100.3488
2021-12-01,103.3558
2022-01-01,102.7855
2022-02-01,105.0256
2022-03-01,105.7651
2022-04-01,105.1991
2022-05-01,105.4663
2022-06-01,105.1449
2022-07-01,105.028
2022-08-01,103.8752
2022-09-01,100.936
2022-10-01,100.2589
2022-11-01,99.0914
2022-12-01,97.5688
2023-01-01,98.9373
2023-02-01,97.5568
2023-03-01,97.5909
2023-04-01,97.924
2023-05-01,97.6244
2023-06-01,96.9352
2023-07-01,96.1869
2023-08-01,96.8745
2023-09-01,98.0669
2023-10-01,96.5718
2023-11-01,97.3821
2023-12-01,95.5752
2024-01-01,94.7856
2024-02-01,97.3444
2024-03-01,97.1166
2024-04-01,95.3837
2024-05-01,96.4242
2024-06-01,96.6251
2024-07-01,95.9526
2024-08-01,96.9561
2024-09-01,97.8686
2024-10-01,98.6244
2024-11-01,99.2118
2024-12-01,98.6063
2025-01-01,98.3734
2025-02-01,99.8121
2025-03-01,99.1023
2025-04-01,99.2252
2025-05-01,100.5572
2025-06-01,99.1495
2025-07-01,99.6433
2025-08-01,100.5094
2025-09-01,98.2633
2025-10-01,96.556
2025-11-01,95.9493
2025-12-01,93.0609
2026-01-01,93.615
