,IPG311A2S
1972-01-01,60.6449
1972-02-01,59.9732
1972-03-01,60.6116
1972-04-01,61.1838
1972-05-01,60.964
1972-06-01,60.8923
1972-07-01,60.599
1972-08-01,60.9241
1972-09-01,60.6139
1972-10-01,61.1981
1972-11-01,60.7023
1972-12-01,61.495
1973-01-01,61.3045
1973-02-01,61.6371
1973-03-01,61.2536
1973-04-01,60.6716
1973-05-01,62.0217
1973-06-01,60.7848
1973-07-01,60.6385
1973-08-01,60.0841
1973-09-01,60.9495
1973-10-01,61.7206
1973-11-01,63.0545
1973-12-01,62.6508
1974-01-01,63.2593
1974-02-01,63.0557
1974-03-01,63.2922
1974-04-01,61.9381
1974-05-01,63.3759
1974-06-01,63.7698
1974-07-01,62.4838
1974-08-01,62.6341
1974-09-01,62.0882
1974-10-01,62.1447
1974-11-01,61.3662
1974-12-01,60.3409
1975-01-01,59.6385
1975-02-01,58.9058
1975-03-01,58.8138
1975-04-01,59.9696
1975-05-01,59.8444
1975-06-01,61.0323
1975-07-01,61.7651
1975-08-01,61.4407
1975-09-01,62.0198
1975-10-01,63.1169
1975-11-01,63.7735
1975-12-01,63.6995
1976-01-01,64.5179
1976-02-01,64.3838
1976-03-01,64.1547
1976-04-01,64.4525
1976-05-01,65.6546
1976-06-01,65.1443
1976-07-01,66.0176
1976-08-01,65.4341
1976-09-01,65.8852
1976-10-01,66.0898
1976-11-01,66.4197
1976-12-01,66.2963
1977-01-01,66.4156
1977-02-01,66.9577
1977-03-01,66.7677
1977-04-01,67.104
1977-05-01,66.2072
1977-06-01,65.998
1977-07-01,66.1727
1977-08-01,66.3954
1977-09-01,66.2273
1977-10-01,66.6154
1977-11-01,67.6349
1977-12-01,68.5532
1978-01-01,68.0423
1978-02-01,68.5891
1978-03-01,69.1135
1978-04-01,69.6457
1978-05-01,68.9454
1978-06-01,69.81
1978-07-01,68.8762
1978-08-01,69.2008
1978-09-01,68.9776
1978-10-01,68.9546
1978-11-01,69.7353
1978-12-01,69.6942
1979-01-01,68.8735
1979-02-01,68.197
1979-03-01,69.1045
1979-04-01,68.869
1979-05-01,69.0269
1979-06-01,69.2051
1979-07-01,68.3664
1979-08-01,68.2337
1979-09-01,67.9649
1979-10-01,68.7755
1979-11-01,68.6586
1979-12-01,69.215
1980-01-01,69.5485
1980-02-01,69.9556
1980-03-01,69.4025
1980-04-01,69.2658
1980-05-01,69.9426
1980-06-01,69.7721
1980-07-01,69.453
1980-08-01,69.7338
1980-09-01,69.7783
1980-10-01,70.3441
1980-11-01,70.0088
1980-12-01,70.4353
1981-01-01,70.1676
1981-02-01,70.7272
1981-03-01,70.3938
1981-04-01,70.0369
1981-05-01,70.6817
1981-06-01,69.5276
1981-07-01,69.6235
1981-08-01,69.9921
1981-09-01,69.9906
1981-10-01,70.8225
1981-11-01,71.601
1981-12-01,71.9267
1982-01-01,71.2875
1982-02-01,73.4894
1982-03-01,72.9202
1982-04-01,71.6173
1982-05-01,71.7425
1982-06-01,72.5451
1982-07-01,72.5123
1982-08-01,72.8133
1982-09-01,73.1155
1982-10-01,73.5919
1982-11-01,73.7028
1982-12-01,71.9913
1983-01-01,73.7904
1983-02-01,72.4314
1983-03-01,71.8403
1983-04-01,72.3164
1983-05-01,72.2684
1983-06-01,72.9615
1983-07-01,73.0058
1983-08-01,72.7425
1983-09-01,73.4613
1983-10-01,72.7382
1983-11-01,72.7262
1983-12-01,71.9199
1984-01-01,73.0696
1984-02-01,72.188
1984-03-01,72.82
1984-04-01,73.5449
1984-05-01,73.4542
1984-06-01,73.3882
1984-07-01,73.2058
1984-08-01,73.2831
1984-09-01,73.6094
1984-10-01,75.4487
1984-11-01,74.642
1984-12-01,75.3203
1985-01-01,75.091
1985-02-01,75.169
1985-03-01,75.2531
1985-04-01,75.5498
1985-05-01,75.77
1985-06-01,76.496
1985-07-01,76.4967
1985-08-01,76.4364
1985-09-01,76.7582
1985-10-01,76.5309
1985-11-01,76.2156
1985-12-01,76.7988
1986-01-01,77.6354
1986-02-01,77.5878
1986-03-01,76.6064
1986-04-01,77.2494
1986-05-01,77.1463
1986-06-01,76.8089
1986-07-01,76.9982
1986-08-01,76.3667
1986-09-01,75.7598
1986-10-01,76.6257
1986-11-01,77.1531
1986-12-01,77.9467
1987-01-01,76.61
1987-02-01,77.6366
1987-03-01,77.8534
1987-04-01,77.5763
1987-05-01,78.556
1987-06-01,78.4486
1987-07-01,78.8929
1987-08-01,78.8655
1987-09-01,78.6066
1987-10-01,79.6485
1987-11-01,79.9545
1987-12-01,80.2775
1988-01-01,80.0735
1988-02-01,80.5507
1988-03-01,80.3248
1988-04-01,80.5336
1988-05-01,80.4642
1988-06-01,80.6067
1988-07-01,81.605
1988-08-01,81.2936
1988-09-01,80.5
1988-10-01,81.1582
1988-11-01,80.8096
1988-12-01,81.1881
1989-01-01,81.0545
1989-02-01,80.4995
1989-03-01,80.3984
1989-04-01,81.0034
1989-05-01,80.4501
1989-06-01,81.0057
1989-07-01,78.6359
1989-08-01,79.9969
1989-09-01,78.9121
1989-10-01,80.2127
1989-11-01,80.866
1989-12-01,81.3148
1990-01-01,81.172
1990-02-01,81.8877
1990-03-01,82.3374
1990-04-01,82.1592
1990-05-01,81.9815
1990-06-01,82.3525
1990-07-01,82.3819
1990-08-01,82.6709
1990-09-01,83.0524
1990-10-01,82.9275
1990-11-01,84.6126
1990-12-01,83.9626
1991-01-01,83.6078
1991-02-01,83.5893
1991-03-01,82.545
1991-04-01,81.9329
1991-05-01,83.9081
1991-06-01,83.6824
1991-07-01,83.1502
1991-08-01,83.0241
1991-09-01,84.0557
1991-10-01,84.306
1991-11-01,83.1943
1991-12-01,82.0553
1992-01-01,83.5251
1992-02-01,83.2087
1992-03-01,84.1151
1992-04-01,84.306
1992-05-01,84.3111
1992-06-01,84.3003
1992-07-01,84.9847
1992-08-01,85.9656
1992-09-01,85.1073
1992-10-01,85.2794
1992-11-01,85.1453
1992-12-01,83.7233
1993-01-01,84.9541
1993-02-01,85.0996
1993-03-01,84.1375
1993-04-01,83.9731
1993-05-01,83.8303
1993-06-01,83.9102
1993-07-01,84.5962
1993-08-01,84.7964
1993-09-01,84.0223
1993-10-01,83.8184
1993-11-01,84.0356
1993-12-01,84.578
1994-01-01,84.2818
1994-02-01,84.8475
1994-03-01,86.0937
1994-04-01,86.2025
1994-05-01,86.3177
1994-06-01,86.3523
1994-07-01,86.4186
1994-08-01,87.9483
1994-09-01,87.9528
1994-10-01,89.218
1994-11-01,89.3367
1994-12-01,89.4352
1995-01-01,89.0818
1995-02-01,88.8354
1995-03-01,89.0628
1995-04-01,88.9303
1995-05-01,89.486
1995-06-01,90.4472
1995-07-01,90.3785
1995-08-01,89.9509
1995-09-01,89.5292
1995-10-01,89.3413
1995-11-01,89.3038
1995-12-01,89.1187
1996-01-01,87.8184
1996-02-01,88.9006
1996-03-01,89.3196
1996-04-01,88.994
1996-05-01,88.4987
1996-06-01,89.0323
1996-07-01,88.5841
1996-08-01,87.9142
1996-09-01,89.5306
1996-10-01,88.3152
1996-11-01,89.4782
1996-12-01,89.2814
1997-01-01,89.3271
1997-02-01,89.6171
1997-03-01,91.098
1997-04-01,89.2646
1997-05-01,89.4539
1997-06-01,89.0081
1997-07-01,90.7681
1997-08-01,91.0277
1997-09-01,91.5982
1997-10-01,93.1223
1997-11-01,92.4691
1997-12-01,92.67
1998-01-01,94.4389
1998-02-01,94.2446
1998-03-01,93.0594
1998-04-01,94.8012
1998-05-01,94.8967
1998-06-01,93.8
1998-07-01,94.1764
1998-08-01,94.0228
1998-09-01,93.1508
1998-10-01,92.9206
1998-11-01,92.5949
1998-12-01,91.8518
1999-01-01,92.73
1999-02-01,93.805
1999-03-01,92.1854
1999-04-01,91.0735
1999-05-01,92.871
1999-06-01,91.0632
1999-07-01,90.097
1999-08-01,90.6568
1999-09-01,89.9953
1999-10-01,91.9528
1999-11-01,92.8445
1999-12-01,93.9935
2000-01-01,91.7585
2000-02-01,92.8191
2000-03-01,92.9985
2000-04-01,92.7853
2000-05-01,92.5378
2000-06-01,93.0447
2000-07-01,94.1134
2000-08-01,92.8774
2000-09-01,93.9343
2000-10-01,92.9522
2000-11-01,93.8055
2000-12-01,94.8557
2001-01-01,94.1408
2001-02-01,93.1779
2001-03-01,92.2986
2001-04-01,93.2481
2001-05-01,93.1326
2001-06-01,94.084
2001-07-01,92.2948
2001-08-01,92.5854
2001-09-01,92.5695
2001-10-01,93.1712
2001-11-01,93.0355
2001-12-01,93.1649
2002-01-01,92.9315
2002-02-01,92.7029
2002-03-01,93.4336
2002-04-01,92.336
2002-05-01,91.9881
2002-06-01,92.5391
2002-07-01,91.4065
2002-08-01,91.9843
2002-09-01,91.9699
2002-10-01,92.0579
2002-11-01,91.1707
2002-12-01,91.4031
2003-01-01,92.6272
2003-02-01,93.4083
2003-03-01,94.6101
2003-04-01,94.535
2003-05-01,94.0079
2003-06-01,93.9107
2003-07-01,94.0412
2003-08-01,93.5663
2003-09-01,94.1666
2003-10-01,93.602
2003-11-01,93.4301
2003-12-01,93.3024
2004-01-01,92.6665
2004-02-01,93.5523
2004-03-01,92.8348
2004-04-01,93.9063
2004-05-01,95.1759
2004-06-01,93.5373
2004-07-01,94.057
2004-08-01,94.6512
2004-09-01,94.588
2004-10-01,94.6107
2004-11-01,94.7721
2004-12-01,94.8575
2005-01-01,96.6177
2005-02-01,96.368
2005-03-01,95.5902
2005-04-01,95.8188
2005-05-01,97.1049
2005-06-01,98.0257
2005-07-01,98.3075
2005-08-01,98.4422
2005-09-01,97.5584
2005-10-01,98.4971
2005-11-01,98.4599
2005-12-01,99.6594
2006-01-01,98.9684
2006-02-01,98.5292
2006-03-01,97.8735
2006-04-01,98.2547
2006-05-01,97.0932
2006-06-01,96.647
2006-07-01,96.732
2006-08-01,96.7743
2006-09-01,96.8196
2006-10-01,97.7714
2006-11-01,98.4067
2006-12-01,98.4633
2007-01-01,98.4869
2007-02-01,98.6011
2007-03-01,97.976
2007-04-01,98.5955
2007-05-01,98.1118
2007-06-01,98.6942
2007-07-01,98.9258
2007-08-01,97.3277
2007-09-01,97.8128
2007-10-01,96.7169
2007-11-01,96.8201
2007-12-01,96.7463
2008-01-01,96.3814
2008-02-01,95.9269
2008-03-01,95.8673
2008-04-01,95.9242
2008-05-01,95.7071
2008-06-01,94.47
2008-07-01,94.8492
2008-08-01,94.2347
2008-09-01,94.8117
2008-10-01,95.319
2008-11-01,95.1597
2008-12-01,93.2594
2009-01-01,93.6573
2009-02-01,94.942
2009-03-01,94.3864
2009-04-01,94.1324
2009-05-01,94.9863
2009-06-01,94.4257
2009-07-01,93.7276
2009-08-01,94.5633
2009-09-01,94.5126
2009-10-01,94.9352
2009-11-01,95.0571
2009-12-01,94.7672
2010-01-01,94.9423
2010-02-01,94.5134
2010-03-01,94.6228
2010-04-01,93.9186
2010-05-01,95.1248
2010-06-01,94.5017
2010-07-01,94.0696
2010-08-01,95.24
2010-09-01,95.0763
2010-10-01,95.7159
2010-11-01,94.5811
2010-12-01,94.8553
2011-01-01,94.6295
2011-02-01,94.1114
2011-03-01,94.3265
2011-04-01,95.2704
2011-05-01,94.6736
2011-06-01,94.384
2011-07-01,94.897
2011-08-01,94.7493
2011-09-01,94.1408
2011-10-01,95.1512
2011-11-01,94.4318
2011-12-01,94.2345
2012-01-01,94.5597
2012-02-01,94.3601
2012-03-01,93.3462
2012-04-01,93.954
2012-05-01,94.4296
2012-06-01,94.6562
2012-07-01,95.5205
2012-08-01,95.497
2012-09-01,96.5622
2012-10-01,94.6841
2012-11-01,95.8136
2012-12-01,96.0913
2013-01-01,96.2382
2013-02-01,97.1834
2013-03-01,96.1957
2013-04-01,95.8107
2013-05-01,96.1723
2013-06-01,97.3567
2013-07-01,96.2287
2013-08-01,96.6535
2013-09-01,96.2278
2013-10-01,96.7003
2013-11-01,96.2627
2013-12-01,97.2825
2014-01-01,95.337
2014-02-01,96.098
2014-03-01,96.2395
2014-04-01,96.8496
2014-05-01,96.6116
2014-06-01,96.394
2014-07-01,95.6858
2014-08-01,95.959
2014-09-01,96.4002
2014-10-01,96.8931
2014-11-01,97.7929
2014-12-01,97.5297
2015-01-01,97.291
2015-02-01,96.4592
2015-03-01,98.2262
2015-04-01,98.0503
2015-05-01,98.0604
2015-06-01,97.8853
2015-07-01,98.6535
2015-08-01,100.1788
2015-09-01,99.4337
2015-10-01,98.9578
2015-11-01,99.9234
2015-12-01,99.4982
2016-01-01,100.2274
2016-02-01,99.6083
2016-03-01,99.4972
2016-04-01,99.2674
2016-05-01,99.6692
2016-06-01,99.9895
2016-07-01,99.5929
2016-08-01,99.9742
2016-09-01,99.9963
2016-10-01,100.0151
2016-11-01,99.5802
2016-12-01,99.2955
2017-01-01,100.036
2017-02-01,99.9924
2017-03-01,98.9963
2017-04-01,99.7021
2017-05-01,99.9117
2017-06-01,99.5713
2017-07-01,100.3743
2017-08-01,100.761
2017-09-01,100.4965
2017-10-01,100.6397
2017-11-01,100.1943
2017-12-01,99.3244
2018-01-01,99.2011
2018-02-01,100.6274
2018-03-01,99.1617
2018-04-01,100.3869
2018-05-01,99.6358
2018-06-01,99.7563
2018-07-01,100.9624
2018-08-01,100.8897
2018-09-01,100.5425
2018-10-01,99.0675
2018-11-01,98.4627
2018-12-01,98.6335
2019-01-01,99.5043
2019-02-01,99.3772
2019-03-01,99.0277
2019-04-01,98.5634
2019-05-01,99.2477
2019-06-01,101.1837
2019-07-01,99.1548
2019-08-01,99.7722
2019-09-01,99.7448
2019-10-01,100.5049
2019-11-01,100.3996
2019-12-01,101.8646
2020-01-01,100.922
2020-02-01,101.3359
2020-03-01,100.0312
2020-04-01,93.2845
2020-05-01,96.5053
2020-06-01,100.1501
2020-07-01,99.9877
2020-08-01,102.4439
2020-09-01,101.0153
2020-10-01,101.2633
2020-11-01,102.0598
2020-12-01,102.4981
2021-01-01,103.4018
2021-02-01,99.6285
2021-03-01,101.8879
2021-04-01,101.4861
2021-05-01,101.7392
2021-06-01,101.4351
2021-07-01,102.2011
2021-08-01,101.5965
2021-09-01,100.8507
2021-10-01,101.6113
2021-11-01,102.1945
2021-12-01,101.2644
2022-01-01,101.9909
2022-02-01,102.5252
2022-03-01,102.9185
2022-04-01,102.5158
2022-05-01,101.9967
2022-06-01,101.6385
2022-07-01,101.4175
2022-08-01,101.6502
2022-09-01,101.4021
2022-10-01,101.841
2022-11-01,101.5674
2022-12-01,99.8586
2023-01-01,102.3097
2023-02-01,102.0706
2023-03-01,100.3026
2023-04-01,101.1378
2023-05-01,100.6186
2023-06-01,98.8423
2023-07-01,99.2776
2023-08-01,99.7193
2023-09-01,99.481
2023-10-01,100.7634
2023-11-01,100.0775
2023-12-01,99.9932
2024-01-01,99.2447
2024-02-01,99.7939
2024-03-01,99.7893
2024-04-01,98.9313
2024-05-01,99.8453
2024-06-01,99.6314
2024-07-01,99.4515
2024-08-01,98.99
2024-09-01,99.594
2024-10-01,98.8113
2024-11-01,98.5099
2024-12-01,99.2148
2025-01-01,98.011
2025-02-01,98.8739
2025-03-01,99.058
2025-04-01,99.3714
2025-05-01,98.7125
2025-06-01,99.0436
2025-07-01,99.5672
2025-08-01,99.1467
2025-09-01,99.4584
2025-10-01,98.6026
2025-11-01,100.0456
2025-12-01,100.6236
2026-01-01,100.2013
